{"cameraMode":{"drawMode":0,"name":"Shaded","section":"Shading Mode"},"sceneLighting":true,"audioPlay":false,"sceneViewState":{"m_AlwaysRefresh":false,"showFog":true,"showSkybox":true,"showFlares":true,"showImageEffects":true,"showParticleSystems":true,"showVisualEffectGraphs":true,"m_FxEnabled":true},"in2DMode":false,"pivot":{"x":-16.14858627319336,"y":11.864347457885743,"z":7.480297088623047},"rotation":{"x":0.07716801017522812,"y":0.45790544152259829,"z":0.039937857538461688,"w":-0.8847489356994629},"size":41.77466583251953,"orthographic":false}